27511,27513,27518,27529,27539,27601,27603,27604,27605,27606,27607,27608,27610
1,1,1,1,1,1,1,1,1,1,1,1,1
1,1,1,1,1,1,1,1,1,1,1,1,1
1,1,1,1,1,1,1,1,1,1,1,1,1
1,1,1,1,1,1,1,1,1,1,1,1,1
1,1,1,1,1,1,1,1,1,1,1,1,1
1,1,1,1,1,1,1,1,1,1,1,1,1
1,1,1,1,1,1,1,1,1,1,1,1,1
1,1,1,1,1,1,1,1,1,1,1,1,1
1,1,1,1,1,1,1,1,1,1,1,1,1
1,1,1,1,1,1,1,1,1,1,1,1,1
1,1,1,1,1,1,1,1,1,1,1,1,1
1,1,1,1,1,1,1,1,1,1,1,1,1
1,1,1,1,1,1,1,1,1,1,1,1,1
1,1,1,1,1,1,1,1,1,1,1,1,1
1,1,1,1,1,1,1,1,1,1,1,1,1
1,1,1,1,1,1,1,1,1,1,1,1,1
1,1,1,1,1,1,1,1,1,1,1,1,1
1,1,1,1,1,1,1,1,1,1,1,1,1
1,1,1,1,1,1,1,1,1,1,1,1,1
1,1,1,1,1,1,1,1,1,1,1,1,1
1,1,1,1,1,1,1,1,1,1,1,1,1
1,1,1,1,1,1,1,1,1,1,1,1,1
1,1,1,1,1,1,1,1,1,1,1,1,1
1,1,1,1,2,1,1,1,1,1,1,1,1
1,1,1,1,2,1,1,1,1,1,1,1,1
1,1,1,1,2,1,1,1,1,1,1,1,1
1,1,1,1,2,1,1,1,1,1,1,1,1
1,1,1,1,2,1,1,1,1,1,1,1,1
1,1,1,1,2,1,1,1,1,1,1,1,1
1,1,1,1,2,1,1,1,1,1,1,1,1
1,1,1,1,3,1,1,1,1,1,1,1,1
1,1,1,1,3,1,1,1,1,1,1,1,1
1,1,1,1,4,1,1,1,1,1,1,1,1
1,1,1,1,4,1,1,1,1,1,1,1,1
1,1,1,1,4,1,1,1,1,1,1,1,1
1,1,1,1,4,1,1,1,1,1,1,1,1
1,1,1,1,4,1,1,1,1,1,1,1,1
1,1,1,1,4,1,1,1,1,1,1,1,1
1,1,1,1,4,1,1,1,1,1,1,1,1
1,1,1,1,4,1,1,1,1,1,1,1,1
1,1,1,1,5,1,1,1,1,1,1,1,1
1,1,1,1,6,1,1,1,1,1,1,1,1
1,1,1,1,6,1,1,1,1,1,1,1,1
1,1,1,1,8,1,1,1,1,1,1,1,1
1,1,1,1,8,1,1,1,1,1,1,1,1
1,1,1,1,9,1,1,1,1,1,1,1,1
1,1,1,1,9,1,1,1,1,1,1,1,1
1,1,1,1,10,1,1,1,1,1,1,1,1
1,2,1,1,11,1,1,1,1,1,1,1,1
1,2,1,1,11,1,1,1,1,1,1,1,1
1,2,1,1,14,1,1,1,1,1,1,1,1
1,2,1,1,17,1,1,1,1,1,1,1,1
1,2,1,1,35,1,1,1,1,1,1,1,1
1,2,1,1,294,1,1,1,1,1,1,1,1
1,2,1,1,,1,1,1,1,1,1,1,1
1,2,1,1,,1,1,1,1,1,1,1,1
1,2,1,1,,1,1,1,1,1,1,1,1
1,2,1,1,,1,1,1,1,1,1,1,1
1,2,1,1,,1,1,1,1,1,1,1,1
1,2,1,1,,1,1,1,1,1,1,1,1
1,2,1,1,,1,1,1,1,1,1,1,1
1,2,1,1,,1,1,1,1,1,1,1,1
1,2,1,1,,1,1,1,1,1,1,1,1
1,2,1,1,,1,1,1,1,1,1,1,1
1,3,1,1,,1,1,1,1,1,1,1,1
1,3,1,1,,1,1,1,1,1,1,1,1
1,3,1,1,,1,1,1,1,1,1,1,1
1,3,1,1,,1,1,1,1,1,1,1,1
1,3,1,1,,1,1,1,1,1,1,1,1
1,3,1,1,,1,1,1,1,1,1,1,1
1,3,1,1,,1,1,1,1,1,1,1,1
1,3,1,1,,1,1,1,1,1,1,1,1
1,3,1,1,,1,1,1,1,1,1,1,1
1,3,1,1,,1,1,1,1,1,1,1,1
1,3,1,1,,1,1,1,1,1,1,1,1
1,4,1,1,,1,1,1,2,1,1,1,1
1,4,1,1,,1,1,1,2,1,1,1,1
1,4,1,1,,1,1,1,2,1,1,1,1
1,4,1,1,,1,1,1,2,1,1,1,1
1,4,1,1,,1,1,1,2,1,1,1,1
1,4,1,1,,1,1,1,2,1,1,1,1
1,4,1,1,,1,1,1,2,1,1,1,1
1,5,1,1,,1,1,1,2,1,1,1,1
1,5,1,1,,1,1,1,2,1,1,1,1
1,5,1,1,,1,1,1,2,1,1,1,1
1,5,1,1,,1,1,1,2,1,1,1,1
1,5,1,1,,1,1,1,2,1,1,1,1
1,5,1,1,,1,1,1,2,1,1,1,1
1,7,1,1,,2,1,1,2,1,1,1,1
1,8,1,1,,2,1,1,2,1,1,1,1
1,9,1,1,,2,1,1,2,1,1,1,1
1,12,1,1,,2,1,1,2,1,1,1,1
1,12,1,1,,2,1,1,2,1,1,1,1
1,13,1,1,,2,1,1,2,1,1,1,1
1,14,1,1,,2,1,1,2,1,1,1,1
1,18,1,1,,2,1,1,2,1,1,1,1
1,21,1,1,,2,1,1,2,1,1,1,1
1,24,1,1,,2,1,1,2,1,1,1,1
1,36,1,1,,2,1,1,2,1,1,1,1
1,37,1,1,,2,1,1,2,1,1,1,1
1,89,1,1,,2,1,1,2,1,1,1,1
1,121,1,1,,2,1,1,3,1,1,1,1
1,,1,1,,2,1,1,3,1,1,1,1
1,,1,1,,2,1,1,3,1,1,1,1
1,,1,1,,2,1,1,3,1,1,1,1
1,,1,1,,2,1,1,3,1,1,1,1
1,,1,1,,2,1,1,3,1,1,1,1
1,,1,1,,2,1,1,3,1,1,1,1
1,,1,1,,2,1,1,3,1,1,1,1
1,,1,1,,2,1,1,3,1,1,1,1
1,,1,1,,2,1,1,3,1,1,1,1
1,,1,1,,2,1,1,3,1,1,1,1
1,,1,1,,2,1,1,3,1,1,1,1
1,,1,1,,2,1,1,3,1,1,1,1
1,,1,1,,2,1,1,3,1,1,1,1
1,,1,1,,3,1,1,3,1,1,1,1
1,,1,1,,3,1,1,3,1,1,1,1
1,,1,1,,3,1,1,3,1,1,1,1
1,,1,1,,3,1,2,3,1,1,1,1
1,,1,1,,3,1,2,4,1,1,1,1
1,,1,1,,3,1,2,4,1,1,1,1
1,,1,1,,3,1,2,4,1,1,1,1
1,,1,1,,3,1,2,4,1,1,1,1
1,,1,1,,3,1,2,4,1,1,1,1
1,,1,1,,3,1,2,4,1,1,1,1
1,,1,1,,3,1,2,4,1,1,1,1
1,,1,1,,3,1,2,4,1,1,1,1
1,,1,1,,3,1,2,5,1,1,1,1
1,,1,1,,4,1,2,5,1,1,2,1
1,,1,1,,4,1,2,5,1,1,2,1
1,,1,1,,4,1,2,5,1,1,2,1
1,,1,1,,4,1,2,5,1,1,2,1
1,,1,1,,4,1,2,5,1,1,2,1
1,,1,1,,4,1,2,6,1,1,2,1
1,,1,1,,4,1,2,6,1,1,2,1
1,,1,1,,4,1,2,6,1,1,2,1
1,,1,1,,4,1,2,6,1,1,2,1
1,,1,1,,5,1,2,6,1,1,2,1
1,,1,1,,5,1,2,7,1,1,2,1
1,,1,1,,5,1,2,7,1,1,2,1
1,,1,1,,5,1,2,8,1,1,2,1
1,,1,1,,5,1,2,9,1,1,2,1
1,,1,1,,5,1,2,9,1,1,2,1
1,,1,1,,5,1,2,9,1,1,2,1
1,,1,1,,5,1,2,10,1,1,2,1
1,,1,1,,5,1,2,10,1,1,2,1
1,,1,1,,5,1,2,10,1,1,2,1
1,,1,1,,5,1,2,10,1,1,2,1
1,,1,1,,5,1,2,10,1,1,2,1
1,,1,1,,6,1,2,11,1,1,2,1
1,,1,1,,6,1,2,12,1,1,2,1
1,,1,1,,6,1,2,13,1,1,2,1
1,,1,1,,6,1,3,13,1,1,2,1
1,,1,1,,6,1,3,14,1,1,2,1
1,,1,1,,6,1,3,14,1,1,2,1
1,,1,1,,7,1,3,16,1,1,2,1
1,,1,1,,7,1,3,16,1,1,2,1
1,,1,1,,7,1,3,17,1,1,2,1
1,,1,1,,7,1,3,19,1,1,2,1
1,,1,1,,7,1,3,22,1,1,2,1
1,,1,1,,7,1,3,22,1,1,2,1
1,,1,1,,7,1,3,23,1,1,2,1
1,,1,1,,8,1,3,27,1,1,2,1
1,,1,1,,8,1,3,29,1,1,2,1
1,,1,1,,9,1,3,34,1,1,2,1
1,,1,1,,9,1,3,37,1,1,2,1
1,,1,1,,10,1,3,67,1,1,2,1
1,,1,1,,10,1,3,71,1,1,2,1
1,,1,1,,10,1,4,,1,1,2,1
1,,1,1,,10,1,4,,1,1,2,1
1,,1,1,,10,1,4,,1,1,2,1
1,,1,1,,10,1,4,,1,1,2,1
1,,1,1,,10,1,4,,1,1,2,1
1,,1,1,,10,1,4,,1,1,2,1
1,,1,1,,11,1,4,,1,1,2,1
1,,1,1,,11,1,4,,1,1,2,1
1,,1,1,,11,1,4,,1,1,2,1
1,,1,1,,12,1,5,,1,1,2,1
1,,1,1,,12,1,5,,1,1,2,1
1,,1,1,,12,1,5,,1,1,2,1
1,,1,1,,13,1,5,,1,1,2,1
1,,1,1,,13,1,5,,1,1,2,1
1,,1,1,,14,1,5,,1,1,2,1
1,,1,1,,14,1,5,,1,1,3,1
1,,1,1,,14,1,5,,1,1,3,1
1,,1,1,,15,1,5,,1,1,3,1
1,,1,1,,16,1,5,,1,1,3,1
1,,1,1,,18,1,5,,1,1,3,1
1,,1,1,,22,1,5,,1,1,3,1
1,,1,1,,22,1,6,,1,1,3,1
1,,1,1,,25,1,6,,1,1,3,1
1,,1,1,,30,1,6,,1,1,3,1
1,,1,1,,30,1,6,,1,1,3,2
1,,1,1,,31,1,6,,1,1,3,2
1,,1,1,,48,1,6,,1,1,3,2
1,,1,1,,49,1,6,,1,1,3,2
1,,1,1,,76,1,7,,1,1,3,2
1,,1,1,,114,1,7,,1,1,3,2
1,,1,1,,126,1,9,,1,1,3,2
1,,1,1,,147,1,9,,1,1,3,2
1,,1,1,,290,1,9,,1,1,3,2
1,,1,1,,395,1,10,,1,1,3,2
1,,1,1,,,1,10,,1,1,3,2
1,,1,1,,,1,11,,1,1,3,2
1,,1,1,,,1,12,,1,1,3,2
1,,1,1,,,1,13,,1,1,3,2
1,,1,1,,,1,13,,1,1,3,2
1,,1,1,,,1,13,,1,1,3,2
1,,1,1,,,1,15,,1,1,3,2
1,,1,1,,,1,17,,1,1,4,2
1,,1,1,,,1,17,,1,1,4,2
1,,1,1,,,1,18,,1,1,4,2
1,,1,1,,,1,19,,1,1,4,2
1,,1,1,,,1,19,,1,1,4,2
1,,1,1,,,1,22,,1,1,4,2
1,,1,1,,,1,22,,1,1,4,2
1,,1,1,,,1,23,,1,1,4,2
1,,1,1,,,1,25,,1,1,4,2
1,,1,1,,,1,28,,1,1,4,2
1,,1,1,,,1,31,,1,1,4,2
1,,1,1,,,1,32,,1,1,4,2
1,,1,1,,,1,33,,1,1,4,2
1,,1,1,,,1,35,,1,1,4,2
1,,1,1,,,1,40,,1,1,4,2
1,,1,1,,,1,41,,1,1,4,2
1,,1,1,,,1,44,,1,1,4,2
1,,1,1,,,1,55,,1,1,4,2
1,,1,1,,,1,78,,1,1,4,2
1,,2,1,,,1,162,,1,1,4,2
1,,2,1,,,1,347,,1,1,4,2
1,,2,1,,,1,,,1,1,5,2
1,,2,1,,,1,,,1,1,5,2
1,,2,1,,,1,,,1,1,5,2
1,,2,1,,,1,,,1,1,5,2
1,,2,1,,,1,,,1,1,5,2
1,,2,1,,,1,,,1,1,5,2
1,,2,1,,,1,,,1,1,5,2
1,,2,1,,,1,,,1,1,5,2
1,,2,1,,,1,,,1,1,5,2
1,,2,2,,,1,,,1,1,5,2
1,,2,2,,,1,,,1,1,6,2
1,,2,2,,,1,,,1,1,6,2
1,,2,2,,,1,,,1,1,6,2
1,,2,2,,,1,,,1,1,6,2
1,,2,2,,,1,,,1,1,6,2
1,,2,2,,,1,,,1,1,6,2
1,,2,2,,,1,,,1,1,6,2
1,,2,2,,,1,,,1,1,6,2
1,,2,2,,,1,,,1,1,6,2
2,,2,2,,,1,,,1,1,7,2
2,,2,2,,,1,,,1,1,7,2
2,,2,2,,,1,,,1,1,7,2
2,,2,2,,,1,,,1,1,7,2
2,,2,2,,,1,,,1,1,7,2
2,,2,2,,,1,,,1,1,7,2
2,,2,2,,,1,,,1,1,7,2
2,,2,2,,,1,,,1,1,7,2
2,,2,2,,,1,,,1,1,7,2
2,,2,2,,,1,,,1,1,8,2
2,,2,2,,,1,,,1,1,8,3
2,,2,2,,,1,,,1,1,8,3
2,,2,2,,,1,,,1,1,8,3
2,,2,2,,,1,,,1,1,9,3
2,,2,2,,,1,,,1,1,9,3
2,,2,2,,,1,,,1,1,9,3
2,,2,2,,,1,,,1,1,10,3
2,,2,2,,,1,,,1,1,10,3
2,,2,2,,,1,,,1,1,10,3
2,,2,2,,,1,,,1,1,10,3
2,,2,2,,,1,,,1,1,10,3
2,,2,2,,,1,,,1,1,10,3
2,,2,2,,,1,,,1,1,12,3
2,,2,2,,,1,,,1,1,12,3
2,,2,2,,,1,,,1,1,13,3
2,,2,2,,,1,,,1,1,13,3
2,,2,2,,,1,,,1,1,13,3
2,,2,2,,,1,,,1,1,13,3
2,,2,2,,,1,,,1,1,14,3
2,,2,2,,,1,,,1,1,14,3
2,,2,2,,,1,,,1,1,15,3
2,,2,2,,,1,,,1,1,15,3
2,,2,2,,,1,,,1,1,16,3
2,,2,2,,,1,,,1,1,18,3
2,,2,2,,,1,,,1,1,20,3
2,,2,2,,,1,,,1,1,26,3
2,,2,2,,,1,,,1,1,28,3
2,,2,2,,,1,,,1,1,30,3
2,,2,2,,,1,,,1,1,31,3
2,,2,2,,,1,,,1,1,36,3
2,,2,2,,,1,,,1,1,37,3
2,,3,2,,,1,,,1,1,67,3
2,,3,2,,,1,,,1,1,,3
2,,3,2,,,1,,,1,1,,3
2,,3,2,,,1,,,1,1,,3
2,,3,2,,,1,,,1,1,,3
2,,3,2,,,1,,,1,1,,3
2,,3,2,,,1,,,1,1,,3
2,,3,2,,,1,,,1,1,,3
2,,3,2,,,1,,,1,1,,3
2,,3,2,,,1,,,1,1,,4
2,,3,2,,,1,,,1,1,,4
2,,3,2,,,1,,,1,1,,4
2,,3,2,,,1,,,1,1,,4
2,,3,2,,,1,,,1,1,,4
2,,3,2,,,1,,,1,1,,4
2,,3,2,,,1,,,1,1,,4
2,,3,2,,,1,,,1,1,,4
3,,3,2,,,1,,,1,1,,4
3,,3,2,,,1,,,1,1,,4
3,,3,2,,,1,,,1,1,,4
3,,3,2,,,1,,,1,1,,4
3,,3,2,,,1,,,1,1,,4
3,,3,2,,,1,,,1,1,,4
3,,3,2,,,1,,,1,1,,4
3,,3,2,,,1,,,1,1,,4
3,,3,2,,,1,,,1,1,,4
3,,3,2,,,1,,,1,1,,4
3,,3,2,,,1,,,1,1,,4
3,,3,2,,,1,,,1,1,,4
3,,3,2,,,1,,,1,1,,4
3,,3,2,,,1,,,1,1,,4
3,,3,2,,,1,,,1,1,,4
3,,3,2,,,1,,,1,1,,4
3,,3,2,,,1,,,1,1,,4
3,,3,2,,,1,,,1,1,,4
3,,3,2,,,1,,,1,1,,4
3,,3,2,,,1,,,1,1,,4
3,,3,2,,,1,,,1,1,,4
3,,3,2,,,1,,,1,1,,4
3,,3,2,,,1,,,1,1,,5
3,,3,2,,,1,,,1,1,,5
3,,3,2,,,1,,,1,1,,5
3,,3,2,,,1,,,1,1,,5
3,,3,2,,,1,,,1,1,,5
3,,3,2,,,1,,,1,1,,5
3,,4,2,,,1,,,1,1,,5
3,,4,2,,,1,,,1,1,,5
4,,4,2,,,1,,,1,1,,5
4,,4,2,,,1,,,1,1,,5
4,,4,2,,,1,,,1,1,,5
4,,4,2,,,1,,,1,1,,5
4,,4,3,,,1,,,1,1,,5
4,,4,3,,,1,,,1,1,,6
4,,4,3,,,1,,,1,1,,6
4,,4,3,,,1,,,1,1,,6
4,,4,3,,,1,,,1,1,,6
4,,4,3,,,1,,,1,1,,6
4,,4,3,,,1,,,1,1,,6
4,,4,3,,,1,,,1,1,,6
4,,4,3,,,1,,,1,1,,6
4,,4,3,,,1,,,1,1,,6
4,,4,3,,,1,,,1,1,,6
4,,4,3,,,1,,,1,1,,6
4,,4,3,,,1,,,1,2,,6
4,,4,3,,,1,,,1,2,,6
4,,4,3,,,1,,,1,2,,6
4,,4,3,,,1,,,1,2,,7
4,,4,3,,,1,,,1,2,,7
4,,5,3,,,1,,,1,2,,7
5,,5,3,,,1,,,1,2,,7
5,,5,3,,,1,,,1,2,,7
5,,5,3,,,1,,,1,2,,7
5,,5,3,,,1,,,1,2,,7
5,,5,3,,,1,,,1,2,,8
5,,5,3,,,1,,,1,2,,8
5,,5,3,,,1,,,1,2,,8
5,,5,3,,,1,,,1,2,,8
5,,5,3,,,1,,,1,2,,8
5,,5,3,,,1,,,1,2,,8
5,,5,3,,,1,,,1,2,,8
5,,5,3,,,1,,,1,2,,8
5,,5,3,,,1,,,1,2,,9
5,,5,3,,,1,,,1,2,,9
6,,5,3,,,1,,,1,2,,9
6,,5,3,,,1,,,1,2,,9
6,,5,3,,,1,,,1,2,,9
6,,6,3,,,1,,,1,2,,9
6,,6,3,,,1,,,1,2,,9
6,,6,3,,,1,,,1,2,,9
7,,6,3,,,1,,,1,2,,9
7,,6,3,,,1,,,1,2,,10
7,,6,3,,,1,,,1,2,,10
7,,6,3,,,1,,,1,2,,10
7,,6,3,,,1,,,1,2,,10
7,,6,3,,,1,,,1,2,,10
8,,6,3,,,1,,,1,2,,11
8,,7,4,,,1,,,1,2,,11
8,,7,4,,,1,,,1,2,,12
8,,7,4,,,1,,,1,2,,12
8,,7,4,,,1,,,1,2,,12
8,,7,4,,,1,,,1,2,,13
8,,7,4,,,1,,,1,2,,13
8,,7,4,,,1,,,1,2,,13
8,,7,4,,,1,,,1,2,,14
9,,7,4,,,1,,,1,2,,14
9,,7,4,,,1,,,1,2,,14
9,,7,4,,,1,,,1,2,,15
10,,8,4,,,1,,,1,2,,16
10,,8,4,,,1,,,1,2,,17
10,,8,4,,,1,,,1,2,,17
11,,8,4,,,1,,,1,2,,17
11,,8,4,,,1,,,1,2,,19
11,,8,4,,,1,,,1,2,,19
12,,8,4,,,1,,,1,2,,20
12,,9,4,,,1,,,1,2,,22
12,,9,4,,,1,,,1,2,,24
12,,10,4,,,1,,,1,2,,25
12,,10,4,,,1,,,1,2,,26
13,,10,4,,,1,,,1,2,,26
14,,10,4,,,1,,,1,2,,28
15,,11,4,,,1,,,1,2,,31
15,,11,4,,,1,,,1,2,,31
15,,11,4,,,1,,,1,2,,32
16,,12,4,,,1,,,1,2,,33
16,,12,4,,,1,,,1,2,,33
17,,12,4,,,1,,,1,2,,34
17,,14,4,,,1,,,1,2,,35
18,,14,4,,,1,,,1,2,,36
19,,14,5,,,1,,,1,2,,36
22,,15,5,,,1,,,1,2,,42
24,,15,5,,,1,,,1,2,,56
26,,15,5,,,1,,,1,2,,62
27,,15,5,,,1,,,1,2,,64
29,,15,5,,,1,,,1,2,,67
31,,15,5,,,1,,,1,2,,76
32,,15,5,,,1,,,1,2,,90
35,,16,5,,,1,,,1,2,,90
36,,16,5,,,1,,,1,2,,112
48,,17,5,,,1,,,1,2,,115
65,,22,5,,,1,,,1,2,,119
123,,23,5,,,1,,,1,2,,126
236,,23,5,,,1,,,1,2,,131
304,,23,5,,,1,,,1,2,,134
355,,23,5,,,1,,,1,2,,154
,,24,5,,,1,,,1,2,,167
,,25,5,,,1,,,1,2,,171
,,32,5,,,1,,,1,2,,186
,,33,5,,,1,,,1,2,,234
,,57,5,,,1,,,1,2,,252
,,74,5,,,1,,,1,2,,286
,,84,5,,,1,,,1,2,,387
,,98,5,,,1,,,1,2,,855
,,125,5,,,1,,,1,2,,
,,201,5,,,1,,,1,2,,
,,238,5,,,1,,,1,2,,
,,309,5,,,1,,,1,2,,
,,1589,5,,,1,,,1,2,,
,,,5,,,1,,,1,2,,
,,,5,,,1,,,1,2,,
,,,5,,,1,,,1,2,,
,,,6,,,1,,,1,2,,
,,,6,,,1,,,1,2,,
,,,6,,,1,,,1,2,,
,,,6,,,1,,,1,2,,
,,,6,,,1,,,1,2,,
,,,6,,,1,,,1,2,,
,,,6,,,1,,,1,2,,
,,,6,,,1,,,1,2,,
,,,6,,,1,,,1,2,,
,,,6,,,1,,,1,2,,
,,,6,,,1,,,1,2,,
,,,6,,,1,,,1,2,,
,,,6,,,1,,,1,2,,
,,,6,,,1,,,1,2,,
,,,6,,,1,,,1,2,,
,,,6,,,1,,,1,2,,
,,,6,,,1,,,1,2,,
,,,6,,,1,,,1,2,,
,,,6,,,1,,,1,2,,
,,,6,,,1,,,1,2,,
,,,6,,,1,,,1,2,,
,,,6,,,1,,,1,2,,
,,,7,,,1,,,1,2,,
,,,7,,,1,,,1,2,,
,,,7,,,1,,,1,2,,
,,,7,,,1,,,1,2,,
,,,7,,,1,,,1,3,,
,,,7,,,1,,,1,3,,
,,,7,,,1,,,1,3,,
,,,7,,,1,,,1,3,,
,,,7,,,1,,,1,3,,
,,,7,,,1,,,1,3,,
,,,7,,,1,,,1,3,,
,,,7,,,1,,,1,3,,
,,,7,,,1,,,1,3,,
,,,7,,,1,,,1,3,,
,,,7,,,1,,,1,3,,
,,,8,,,1,,,1,3,,
,,,8,,,1,,,1,3,,
,,,8,,,1,,,1,3,,
,,,8,,,1,,,1,3,,
,,,8,,,1,,,1,3,,
,,,8,,,1,,,1,3,,
,,,9,,,1,,,1,3,,
,,,9,,,1,,,1,3,,
,,,9,,,1,,,1,3,,
,,,9,,,1,,,1,3,,
,,,9,,,1,,,1,3,,
,,,9,,,1,,,1,3,,
,,,9,,,1,,,1,3,,
,,,9,,,1,,,1,3,,
,,,9,,,1,,,1,3,,
,,,9,,,1,,,1,3,,
,,,9,,,1,,,1,3,,
,,,10,,,1,,,1,3,,
,,,10,,,1,,,1,3,,
,,,10,,,1,,,1,3,,
,,,10,,,1,,,1,3,,
,,,10,,,1,,,1,3,,
,,,11,,,1,,,1,3,,
,,,11,,,1,,,1,3,,
,,,11,,,1,,,1,3,,
,,,11,,,1,,,1,3,,
,,,11,,,1,,,1,3,,
,,,11,,,1,,,1,3,,
,,,12,,,1,,,1,3,,
,,,12,,,1,,,1,3,,
,,,12,,,1,,,1,3,,
,,,12,,,1,,,1,3,,
,,,12,,,1,,,1,3,,
,,,12,,,1,,,1,3,,
,,,12,,,1,,,1,3,,
,,,12,,,1,,,1,3,,
,,,13,,,1,,,1,3,,
,,,13,,,1,,,1,3,,
,,,13,,,1,,,1,3,,
,,,14,,,1,,,1,3,,
,,,14,,,1,,,1,3,,
,,,14,,,1,,,1,3,,
,,,14,,,1,,,1,3,,
,,,14,,,1,,,1,3,,
,,,14,,,1,,,1,3,,
,,,15,,,1,,,1,3,,
,,,15,,,1,,,1,3,,
,,,15,,,1,,,1,3,,
,,,15,,,1,,,1,3,,
,,,16,,,1,,,1,3,,
,,,16,,,1,,,1,3,,
,,,16,,,1,,,1,4,,
,,,16,,,1,,,1,4,,
,,,17,,,1,,,1,4,,
,,,17,,,1,,,1,4,,
,,,18,,,1,,,1,4,,
,,,20,,,1,,,1,4,,
,,,21,,,1,,,1,4,,
,,,21,,,1,,,1,4,,
,,,22,,,1,,,1,4,,
,,,23,,,1,,,1,4,,
,,,24,,,1,,,1,4,,
,,,25,,,1,,,1,4,,
,,,25,,,1,,,1,4,,
,,,27,,,1,,,1,4,,
,,,28,,,1,,,1,4,,
,,,30,,,1,,,1,4,,
,,,30,,,1,,,1,4,,
,,,34,,,1,,,1,4,,
,,,40,,,1,,,1,4,,
,,,44,,,1,,,1,4,,
,,,47,,,1,,,1,4,,
,,,48,,,1,,,1,4,,
,,,48,,,1,,,1,4,,
,,,51,,,1,,,1,4,,
,,,51,,,1,,,1,4,,
,,,53,,,1,,,1,4,,
,,,56,,,1,,,1,4,,
,,,73,,,1,,,1,4,,
,,,84,,,1,,,1,4,,
,,,84,,,1,,,1,4,,
,,,86,,,1,,,1,4,,
,,,87,,,1,,,1,4,,
,,,101,,,1,,,1,4,,
,,,129,,,1,,,1,5,,
,,,132,,,1,,,1,5,,
,,,145,,,1,,,1,5,,
,,,155,,,1,,,1,5,,
,,,172,,,1,,,1,5,,
,,,199,,,1,,,1,5,,
,,,289,,,1,,,1,5,,
,,,311,,,1,,,1,5,,
,,,478,,,1,,,1,5,,
,,,623,,,1,,,1,5,,
,,,,,,1,,,1,5,,
,,,,,,1,,,1,5,,
,,,,,,1,,,1,5,,
,,,,,,1,,,1,5,,
,,,,,,1,,,1,5,,
,,,,,,1,,,1,5,,
,,,,,,1,,,1,5,,
,,,,,,1,,,1,5,,
,,,,,,1,,,1,5,,
,,,,,,1,,,1,5,,
,,,,,,1,,,1,5,,
,,,,,,1,,,1,5,,
,,,,,,1,,,1,5,,
,,,,,,1,,,1,5,,
,,,,,,1,,,1,5,,
,,,,,,1,,,1,5,,
,,,,,,1,,,1,6,,
,,,,,,1,,,1,6,,
,,,,,,1,,,1,6,,
,,,,,,1,,,1,6,,
,,,,,,1,,,1,6,,
,,,,,,1,,,1,6,,
,,,,,,1,,,1,6,,
,,,,,,1,,,1,6,,
,,,,,,1,,,1,6,,
,,,,,,1,,,1,6,,
,,,,,,1,,,1,6,,
,,,,,,1,,,1,6,,
,,,,,,1,,,1,6,,
,,,,,,1,,,1,6,,
,,,,,,1,,,1,6,,
,,,,,,1,,,1,6,,
,,,,,,1,,,1,6,,
,,,,,,1,,,1,6,,
,,,,,,1,,,1,6,,
,,,,,,1,,,1,6,,
,,,,,,1,,,1,6,,
,,,,,,1,,,1,6,,
,,,,,,1,,,1,7,,
,,,,,,1,,,1,7,,
,,,,,,1,,,1,7,,
,,,,,,1,,,1,7,,
,,,,,,1,,,1,7,,
,,,,,,1,,,1,7,,
,,,,,,1,,,1,7,,
,,,,,,1,,,1,7,,
,,,,,,1,,,1,7,,
,,,,,,1,,,1,7,,
,,,,,,1,,,1,8,,
,,,,,,1,,,1,8,,
,,,,,,1,,,1,8,,
,,,,,,1,,,1,8,,
,,,,,,1,,,1,8,,
,,,,,,1,,,1,8,,
,,,,,,1,,,1,8,,
,,,,,,1,,,1,8,,
,,,,,,1,,,1,8,,
,,,,,,1,,,1,9,,
,,,,,,1,,,1,9,,
,,,,,,1,,,1,9,,
,,,,,,1,,,1,9,,
,,,,,,1,,,1,9,,
,,,,,,1,,,1,9,,
,,,,,,1,,,1,9,,
,,,,,,2,,,1,10,,
,,,,,,2,,,1,10,,
,,,,,,2,,,1,10,,
,,,,,,2,,,1,10,,
,,,,,,2,,,1,10,,
,,,,,,2,,,1,10,,
,,,,,,2,,,1,10,,
,,,,,,2,,,1,10,,
,,,,,,2,,,1,10,,
,,,,,,2,,,1,11,,
,,,,,,2,,,1,11,,
,,,,,,2,,,1,11,,
,,,,,,2,,,1,12,,
,,,,,,2,,,1,12,,
,,,,,,2,,,1,13,,
,,,,,,2,,,1,13,,
,,,,,,2,,,1,13,,
,,,,,,2,,,1,13,,
,,,,,,2,,,1,13,,
,,,,,,2,,,1,14,,
,,,,,,2,,,1,14,,
,,,,,,2,,,1,14,,
,,,,,,2,,,1,14,,
,,,,,,2,,,1,14,,
,,,,,,2,,,1,14,,
,,,,,,2,,,1,14,,
,,,,,,2,,,1,14,,
,,,,,,2,,,1,14,,
,,,,,,2,,,1,15,,
,,,,,,2,,,1,15,,
,,,,,,2,,,1,15,,
,,,,,,2,,,1,16,,
,,,,,,2,,,1,16,,
,,,,,,2,,,1,16,,
,,,,,,2,,,1,16,,
,,,,,,2,,,1,16,,
,,,,,,2,,,1,16,,
,,,,,,2,,,1,17,,
,,,,,,2,,,1,18,,
,,,,,,2,,,1,18,,
,,,,,,2,,,1,18,,
,,,,,,2,,,1,18,,
,,,,,,2,,,1,18,,
,,,,,,2,,,1,19,,
,,,,,,2,,,1,19,,
,,,,,,2,,,1,19,,
,,,,,,2,,,1,19,,
,,,,,,2,,,1,19,,
,,,,,,2,,,1,19,,
,,,,,,2,,,1,20,,
,,,,,,2,,,1,20,,
,,,,,,2,,,1,21,,
,,,,,,2,,,1,21,,
,,,,,,2,,,1,21,,
,,,,,,2,,,1,22,,
,,,,,,2,,,1,23,,
,,,,,,2,,,1,23,,
,,,,,,2,,,1,23,,
,,,,,,2,,,1,23,,
,,,,,,2,,,1,23,,
,,,,,,2,,,1,25,,
,,,,,,2,,,1,27,,
,,,,,,2,,,1,28,,
,,,,,,2,,,1,29,,
,,,,,,2,,,1,29,,
,,,,,,2,,,1,30,,
,,,,,,2,,,1,30,,
,,,,,,2,,,1,32,,
,,,,,,2,,,1,34,,
,,,,,,2,,,1,35,,
,,,,,,2,,,1,35,,
,,,,,,2,,,1,38,,
,,,,,,2,,,1,38,,
,,,,,,2,,,1,38,,
,,,,,,2,,,1,40,,
,,,,,,2,,,1,42,,
,,,,,,2,,,1,43,,
,,,,,,2,,,1,48,,
,,,,,,2,,,1,50,,
,,,,,,2,,,1,52,,
,,,,,,2,,,1,52,,
,,,,,,2,,,1,55,,
,,,,,,2,,,1,56,,
,,,,,,2,,,1,59,,
,,,,,,2,,,1,60,,
,,,,,,2,,,1,64,,
,,,,,,2,,,1,71,,
,,,,,,2,,,1,74,,
,,,,,,2,,,1,81,,
,,,,,,2,,,1,82,,
,,,,,,2,,,1,86,,
,,,,,,2,,,1,87,,
,,,,,,2,,,1,87,,
,,,,,,2,,,1,93,,
,,,,,,2,,,1,101,,
,,,,,,2,,,1,134,,
,,,,,,2,,,1,150,,
,,,,,,2,,,1,165,,
,,,,,,2,,,1,168,,
,,,,,,2,,,1,420,,
,,,,,,2,,,1,453,,
,,,,,,2,,,1,2156,,
,,,,,,2,,,1,,,
,,,,,,2,,,1,,,
,,,,,,2,,,1,,,
,,,,,,2,,,1,,,
,,,,,,2,,,1,,,
,,,,,,2,,,1,,,
,,,,,,2,,,1,,,
,,,,,,2,,,1,,,
,,,,,,2,,,1,,,
,,,,,,2,,,1,,,
,,,,,,2,,,1,,,
,,,,,,2,,,1,,,
,,,,,,2,,,1,,,
,,,,,,2,,,1,,,
,,,,,,2,,,1,,,
,,,,,,2,,,1,,,
,,,,,,2,,,1,,,
,,,,,,2,,,1,,,
,,,,,,2,,,1,,,
,,,,,,2,,,1,,,
,,,,,,2,,,1,,,
,,,,,,2,,,1,,,
,,,,,,2,,,1,,,
,,,,,,2,,,1,,,
,,,,,,2,,,1,,,
,,,,,,2,,,1,,,
,,,,,,2,,,1,,,
,,,,,,2,,,1,,,
,,,,,,2,,,1,,,
,,,,,,2,,,1,,,
,,,,,,2,,,1,,,
,,,,,,2,,,1,,,
,,,,,,2,,,1,,,
,,,,,,2,,,1,,,
,,,,,,2,,,1,,,
,,,,,,2,,,1,,,
,,,,,,2,,,1,,,
,,,,,,2,,,1,,,
,,,,,,2,,,1,,,
,,,,,,2,,,1,,,
,,,,,,2,,,1,,,
,,,,,,2,,,1,,,
,,,,,,2,,,1,,,
,,,,,,2,,,1,,,
,,,,,,2,,,1,,,
,,,,,,2,,,1,,,
,,,,,,2,,,1,,,
,,,,,,2,,,1,,,
,,,,,,2,,,1,,,
,,,,,,2,,,1,,,
,,,,,,2,,,1,,,
,,,,,,2,,,1,,,
,,,,,,2,,,1,,,
,,,,,,2,,,1,,,
,,,,,,2,,,1,,,
,,,,,,2,,,1,,,
,,,,,,2,,,1,,,
,,,,,,2,,,1,,,
,,,,,,2,,,1,,,
,,,,,,2,,,1,,,
,,,,,,2,,,1,,,
,,,,,,2,,,1,,,
,,,,,,2,,,1,,,
,,,,,,2,,,1,,,
,,,,,,2,,,1,,,
,,,,,,2,,,1,,,
,,,,,,2,,,1,,,
,,,,,,2,,,1,,,
,,,,,,2,,,1,,,
,,,,,,2,,,1,,,
,,,,,,2,,,1,,,
,,,,,,2,,,1,,,
,,,,,,2,,,1,,,
,,,,,,2,,,1,,,
,,,,,,2,,,1,,,
,,,,,,2,,,1,,,
,,,,,,2,,,1,,,
,,,,,,2,,,1,,,
,,,,,,2,,,1,,,
,,,,,,2,,,1,,,
,,,,,,2,,,1,,,
,,,,,,2,,,1,,,
,,,,,,2,,,1,,,
,,,,,,2,,,1,,,
,,,,,,2,,,1,,,
,,,,,,2,,,1,,,
,,,,,,2,,,1,,,
,,,,,,2,,,1,,,
,,,,,,2,,,1,,,
,,,,,,2,,,1,,,
,,,,,,2,,,1,,,
,,,,,,2,,,1,,,
,,,,,,2,,,1,,,
,,,,,,2,,,1,,,
,,,,,,2,,,1,,,
,,,,,,2,,,1,,,
,,,,,,2,,,1,,,
,,,,,,2,,,1,,,
,,,,,,2,,,1,,,
,,,,,,2,,,1,,,
,,,,,,2,,,1,,,
,,,,,,2,,,1,,,
,,,,,,2,,,1,,,
,,,,,,2,,,1,,,
,,,,,,2,,,1,,,
,,,,,,2,,,1,,,
,,,,,,2,,,1,,,
,,,,,,2,,,1,,,
,,,,,,2,,,1,,,
,,,,,,2,,,1,,,
,,,,,,2,,,1,,,
,,,,,,2,,,1,,,
,,,,,,2,,,1,,,
,,,,,,3,,,1,,,
,,,,,,3,,,1,,,
,,,,,,3,,,1,,,
,,,,,,3,,,1,,,
,,,,,,3,,,1,,,
,,,,,,3,,,1,,,
,,,,,,3,,,1,,,
,,,,,,3,,,1,,,
,,,,,,3,,,1,,,
,,,,,,3,,,1,,,
,,,,,,3,,,1,,,
,,,,,,3,,,1,,,
,,,,,,3,,,1,,,
,,,,,,3,,,1,,,
,,,,,,3,,,1,,,
,,,,,,3,,,1,,,
,,,,,,3,,,1,,,
,,,,,,3,,,1,,,
,,,,,,3,,,1,,,
,,,,,,3,,,1,,,
,,,,,,3,,,1,,,
,,,,,,3,,,1,,,
,,,,,,3,,,1,,,
,,,,,,3,,,1,,,
,,,,,,3,,,1,,,
,,,,,,3,,,1,,,
,,,,,,3,,,1,,,
,,,,,,3,,,1,,,
,,,,,,3,,,1,,,
,,,,,,3,,,1,,,
,,,,,,3,,,1,,,
,,,,,,3,,,1,,,
,,,,,,3,,,1,,,
,,,,,,3,,,1,,,
,,,,,,3,,,1,,,
,,,,,,3,,,1,,,
,,,,,,3,,,1,,,
,,,,,,3,,,1,,,
,,,,,,3,,,1,,,
,,,,,,3,,,1,,,
,,,,,,3,,,1,,,
,,,,,,3,,,1,,,
,,,,,,3,,,1,,,
,,,,,,3,,,1,,,
,,,,,,3,,,1,,,
,,,,,,3,,,1,,,
,,,,,,3,,,1,,,
,,,,,,3,,,1,,,
,,,,,,3,,,1,,,
,,,,,,3,,,1,,,
,,,,,,3,,,1,,,
,,,,,,3,,,1,,,
,,,,,,3,,,1,,,
,,,,,,3,,,1,,,
,,,,,,3,,,1,,,
,,,,,,3,,,1,,,
,,,,,,3,,,1,,,
,,,,,,3,,,1,,,
,,,,,,3,,,1,,,
,,,,,,3,,,1,,,
,,,,,,3,,,1,,,
,,,,,,3,,,1,,,
,,,,,,3,,,1,,,
,,,,,,3,,,1,,,
,,,,,,3,,,1,,,
,,,,,,3,,,1,,,
,,,,,,3,,,1,,,
,,,,,,3,,,1,,,
,,,,,,3,,,1,,,
,,,,,,3,,,1,,,
,,,,,,3,,,1,,,
,,,,,,3,,,1,,,
,,,,,,3,,,1,,,
,,,,,,3,,,1,,,
,,,,,,3,,,1,,,
,,,,,,3,,,1,,,
,,,,,,3,,,1,,,
,,,,,,3,,,1,,,
,,,,,,3,,,1,,,
,,,,,,3,,,1,,,
,,,,,,3,,,1,,,
,,,,,,3,,,1,,,
,,,,,,3,,,1,,,
,,,,,,3,,,1,,,
,,,,,,3,,,1,,,
,,,,,,3,,,1,,,
,,,,,,3,,,1,,,
,,,,,,3,,,1,,,
,,,,,,3,,,1,,,
,,,,,,3,,,1,,,
,,,,,,3,,,1,,,
,,,,,,3,,,1,,,
,,,,,,3,,,1,,,
,,,,,,3,,,1,,,
,,,,,,3,,,1,,,
,,,,,,3,,,1,,,
,,,,,,3,,,1,,,
,,,,,,3,,,1,,,
,,,,,,3,,,1,,,
,,,,,,3,,,1,,,
,,,,,,3,,,1,,,
,,,,,,3,,,1,,,
,,,,,,3,,,1,,,
,,,,,,3,,,1,,,
,,,,,,3,,,1,,,
,,,,,,3,,,1,,,
,,,,,,3,,,1,,,
,,,,,,3,,,1,,,
,,,,,,3,,,1,,,
,,,,,,4,,,1,,,
,,,,,,4,,,1,,,
,,,,,,4,,,1,,,
,,,,,,4,,,1,,,
,,,,,,4,,,1,,,
,,,,,,4,,,1,,,
,,,,,,4,,,1,,,
,,,,,,4,,,1,,,
,,,,,,4,,,1,,,
,,,,,,4,,,1,,,
,,,,,,4,,,1,,,
,,,,,,4,,,1,,,
,,,,,,4,,,1,,,
,,,,,,4,,,1,,,
,,,,,,4,,,1,,,
,,,,,,4,,,1,,,
,,,,,,4,,,1,,,
,,,,,,4,,,1,,,
,,,,,,4,,,1,,,
,,,,,,4,,,1,,,
,,,,,,4,,,1,,,
,,,,,,4,,,1,,,
,,,,,,4,,,1,,,
,,,,,,4,,,1,,,
,,,,,,4,,,1,,,
,,,,,,4,,,1,,,
,,,,,,4,,,1,,,
,,,,,,4,,,1,,,
,,,,,,4,,,1,,,
,,,,,,4,,,1,,,
,,,,,,4,,,1,,,
,,,,,,4,,,1,,,
,,,,,,4,,,1,,,
,,,,,,4,,,1,,,
,,,,,,4,,,1,,,
,,,,,,4,,,1,,,
,,,,,,4,,,1,,,
,,,,,,4,,,1,,,
,,,,,,4,,,1,,,
,,,,,,4,,,1,,,
,,,,,,4,,,1,,,
,,,,,,4,,,1,,,
,,,,,,4,,,1,,,
,,,,,,4,,,1,,,
,,,,,,4,,,1,,,
,,,,,,4,,,1,,,
,,,,,,4,,,1,,,
,,,,,,4,,,1,,,
,,,,,,4,,,1,,,
,,,,,,4,,,1,,,
,,,,,,4,,,1,,,
,,,,,,4,,,1,,,
,,,,,,4,,,1,,,
,,,,,,4,,,1,,,
,,,,,,4,,,1,,,
,,,,,,4,,,1,,,
,,,,,,4,,,1,,,
,,,,,,4,,,1,,,
,,,,,,4,,,1,,,
,,,,,,4,,,1,,,
,,,,,,4,,,1,,,
,,,,,,4,,,1,,,
,,,,,,4,,,1,,,
,,,,,,4,,,1,,,
,,,,,,4,,,1,,,
,,,,,,4,,,1,,,
,,,,,,4,,,1,,,
,,,,,,4,,,1,,,
,,,,,,4,,,1,,,
,,,,,,4,,,1,,,
,,,,,,4,,,2,,,
,,,,,,4,,,2,,,
,,,,,,4,,,2,,,
,,,,,,4,,,2,,,
,,,,,,4,,,2,,,
,,,,,,4,,,2,,,
,,,,,,4,,,2,,,
,,,,,,4,,,2,,,
,,,,,,4,,,2,,,
,,,,,,4,,,2,,,
,,,,,,4,,,2,,,
,,,,,,4,,,2,,,
,,,,,,4,,,2,,,
,,,,,,4,,,2,,,
,,,,,,4,,,2,,,
,,,,,,4,,,2,,,
,,,,,,4,,,2,,,
,,,,,,5,,,2,,,
,,,,,,5,,,2,,,
,,,,,,5,,,2,,,
,,,,,,5,,,2,,,
,,,,,,5,,,2,,,
,,,,,,5,,,2,,,
,,,,,,5,,,2,,,
,,,,,,5,,,2,,,
,,,,,,5,,,2,,,
,,,,,,5,,,2,,,
,,,,,,5,,,2,,,
,,,,,,5,,,2,,,
,,,,,,5,,,2,,,
,,,,,,5,,,2,,,
,,,,,,5,,,2,,,
,,,,,,5,,,2,,,
,,,,,,5,,,2,,,
,,,,,,5,,,2,,,
,,,,,,5,,,2,,,
,,,,,,5,,,2,,,
,,,,,,5,,,2,,,
,,,,,,5,,,2,,,
,,,,,,5,,,2,,,
,,,,,,5,,,2,,,
,,,,,,5,,,2,,,
,,,,,,5,,,2,,,
,,,,,,5,,,2,,,
,,,,,,5,,,2,,,
,,,,,,5,,,2,,,
,,,,,,5,,,2,,,
,,,,,,5,,,2,,,
,,,,,,5,,,2,,,
,,,,,,5,,,2,,,
,,,,,,5,,,2,,,
,,,,,,5,,,2,,,
,,,,,,5,,,2,,,
,,,,,,5,,,2,,,
,,,,,,5,,,2,,,
,,,,,,5,,,2,,,
,,,,,,5,,,2,,,
,,,,,,5,,,2,,,
,,,,,,5,,,2,,,
,,,,,,5,,,2,,,
,,,,,,5,,,2,,,
,,,,,,5,,,2,,,
,,,,,,6,,,2,,,
,,,,,,6,,,2,,,
,,,,,,6,,,2,,,
,,,,,,6,,,2,,,
,,,,,,6,,,2,,,
,,,,,,6,,,2,,,
,,,,,,6,,,2,,,
,,,,,,6,,,2,,,
,,,,,,6,,,2,,,
,,,,,,6,,,2,,,
,,,,,,6,,,2,,,
,,,,,,6,,,2,,,
,,,,,,6,,,2,,,
,,,,,,6,,,2,,,
,,,,,,6,,,2,,,
,,,,,,6,,,2,,,
,,,,,,6,,,2,,,
,,,,,,6,,,2,,,
,,,,,,6,,,2,,,
,,,,,,6,,,2,,,
,,,,,,6,,,2,,,
,,,,,,6,,,2,,,
,,,,,,6,,,2,,,
,,,,,,6,,,2,,,
,,,,,,6,,,2,,,
,,,,,,6,,,2,,,
,,,,,,6,,,2,,,
,,,,,,6,,,2,,,
,,,,,,6,,,2,,,
,,,,,,6,,,2,,,
,,,,,,6,,,2,,,
,,,,,,6,,,2,,,
,,,,,,6,,,2,,,
,,,,,,6,,,2,,,
,,,,,,6,,,2,,,
,,,,,,6,,,2,,,
,,,,,,6,,,2,,,
,,,,,,6,,,2,,,
,,,,,,6,,,2,,,
,,,,,,6,,,2,,,
,,,,,,6,,,2,,,
,,,,,,6,,,2,,,
,,,,,,6,,,2,,,
,,,,,,7,,,2,,,
,,,,,,7,,,2,,,
,,,,,,7,,,2,,,
,,,,,,7,,,2,,,
,,,,,,7,,,2,,,
,,,,,,7,,,2,,,
,,,,,,7,,,2,,,
,,,,,,7,,,2,,,
,,,,,,7,,,2,,,
,,,,,,7,,,2,,,
,,,,,,7,,,2,,,
,,,,,,7,,,2,,,
,,,,,,7,,,2,,,
,,,,,,7,,,2,,,
,,,,,,7,,,2,,,
,,,,,,7,,,2,,,
,,,,,,7,,,2,,,
,,,,,,7,,,2,,,
,,,,,,7,,,2,,,
,,,,,,7,,,2,,,
,,,,,,7,,,2,,,
,,,,,,7,,,2,,,
,,,,,,7,,,2,,,
,,,,,,7,,,2,,,
,,,,,,7,,,2,,,
,,,,,,7,,,2,,,
,,,,,,7,,,2,,,
,,,,,,7,,,2,,,
,,,,,,7,,,2,,,
,,,,,,8,,,2,,,
,,,,,,8,,,2,,,
,,,,,,8,,,2,,,
,,,,,,8,,,2,,,
,,,,,,8,,,2,,,
,,,,,,8,,,2,,,
,,,,,,8,,,2,,,
,,,,,,8,,,2,,,
,,,,,,8,,,2,,,
,,,,,,8,,,2,,,
,,,,,,8,,,2,,,
,,,,,,8,,,2,,,
,,,,,,8,,,2,,,
,,,,,,8,,,2,,,
,,,,,,8,,,2,,,
,,,,,,8,,,2,,,
,,,,,,8,,,2,,,
,,,,,,8,,,2,,,
,,,,,,8,,,2,,,
,,,,,,8,,,2,,,
,,,,,,8,,,2,,,
,,,,,,8,,,2,,,
,,,,,,8,,,2,,,
,,,,,,8,,,2,,,
,,,,,,9,,,2,,,
,,,,,,9,,,2,,,
,,,,,,9,,,2,,,
,,,,,,9,,,2,,,
,,,,,,9,,,2,,,
,,,,,,9,,,2,,,
,,,,,,9,,,2,,,
,,,,,,9,,,2,,,
,,,,,,9,,,2,,,
,,,,,,9,,,2,,,
,,,,,,9,,,2,,,
,,,,,,9,,,2,,,
,,,,,,9,,,2,,,
,,,,,,9,,,2,,,
,,,,,,9,,,2,,,
,,,,,,9,,,2,,,
,,,,,,9,,,2,,,
,,,,,,10,,,2,,,
,,,,,,10,,,2,,,
,,,,,,10,,,2,,,
,,,,,,10,,,2,,,
,,,,,,10,,,2,,,
,,,,,,10,,,2,,,
,,,,,,10,,,2,,,
,,,,,,10,,,2,,,
,,,,,,10,,,2,,,
,,,,,,10,,,2,,,
,,,,,,10,,,2,,,
,,,,,,10,,,2,,,
,,,,,,10,,,2,,,
,,,,,,10,,,2,,,
,,,,,,10,,,2,,,
,,,,,,10,,,2,,,
,,,,,,10,,,2,,,
,,,,,,10,,,2,,,
,,,,,,10,,,2,,,
,,,,,,10,,,2,,,
,,,,,,11,,,2,,,
,,,,,,11,,,2,,,
,,,,,,11,,,2,,,
,,,,,,11,,,2,,,
,,,,,,11,,,2,,,
,,,,,,11,,,2,,,
,,,,,,11,,,2,,,
,,,,,,11,,,2,,,
,,,,,,11,,,2,,,
,,,,,,11,,,2,,,
,,,,,,11,,,2,,,
,,,,,,11,,,2,,,
,,,,,,11,,,2,,,
,,,,,,11,,,2,,,
,,,,,,11,,,2,,,
,,,,,,11,,,2,,,
,,,,,,11,,,2,,,
,,,,,,12,,,2,,,
,,,,,,12,,,2,,,
,,,,,,12,,,2,,,
,,,,,,12,,,2,,,
,,,,,,12,,,2,,,
,,,,,,12,,,2,,,
,,,,,,12,,,2,,,
,,,,,,12,,,2,,,
,,,,,,12,,,2,,,
,,,,,,12,,,2,,,
,,,,,,12,,,2,,,
,,,,,,13,,,2,,,
,,,,,,13,,,2,,,
,,,,,,13,,,2,,,
,,,,,,13,,,2,,,
,,,,,,13,,,2,,,
,,,,,,13,,,2,,,
,,,,,,13,,,2,,,
,,,,,,13,,,2,,,
,,,,,,13,,,2,,,
,,,,,,13,,,2,,,
,,,,,,13,,,2,,,
,,,,,,13,,,2,,,
,,,,,,13,,,2,,,
,,,,,,14,,,2,,,
,,,,,,14,,,2,,,
,,,,,,14,,,2,,,
,,,,,,14,,,2,,,
,,,,,,14,,,2,,,
,,,,,,15,,,2,,,
,,,,,,15,,,2,,,
,,,,,,15,,,2,,,
,,,,,,15,,,2,,,
,,,,,,15,,,2,,,
,,,,,,15,,,2,,,
,,,,,,15,,,2,,,
,,,,,,15,,,2,,,
,,,,,,16,,,2,,,
,,,,,,16,,,2,,,
,,,,,,16,,,2,,,
,,,,,,16,,,2,,,
,,,,,,16,,,2,,,
,,,,,,17,,,2,,,
,,,,,,17,,,2,,,
,,,,,,17,,,2,,,
,,,,,,17,,,2,,,
,,,,,,17,,,2,,,
,,,,,,17,,,2,,,
,,,,,,18,,,2,,,
,,,,,,18,,,2,,,
,,,,,,18,,,2,,,
,,,,,,19,,,2,,,
,,,,,,19,,,2,,,
,,,,,,19,,,2,,,
,,,,,,19,,,2,,,
,,,,,,20,,,2,,,
,,,,,,20,,,2,,,
,,,,,,20,,,2,,,
,,,,,,20,,,2,,,
,,,,,,21,,,2,,,
,,,,,,21,,,2,,,
,,,,,,22,,,2,,,
,,,,,,22,,,2,,,
,,,,,,22,,,2,,,
,,,,,,23,,,2,,,
,,,,,,23,,,2,,,
,,,,,,23,,,2,,,
,,,,,,23,,,2,,,
,,,,,,23,,,2,,,
,,,,,,23,,,2,,,
,,,,,,24,,,2,,,
,,,,,,24,,,2,,,
,,,,,,24,,,2,,,
,,,,,,24,,,2,,,
,,,,,,25,,,2,,,
,,,,,,26,,,2,,,
,,,,,,26,,,2,,,
,,,,,,26,,,2,,,
,,,,,,26,,,2,,,
,,,,,,26,,,2,,,
,,,,,,26,,,2,,,
,,,,,,27,,,2,,,
,,,,,,27,,,2,,,
,,,,,,27,,,2,,,
,,,,,,29,,,2,,,
,,,,,,29,,,2,,,
,,,,,,29,,,2,,,
,,,,,,31,,,2,,,
,,,,,,31,,,2,,,
,,,,,,32,,,2,,,
,,,,,,34,,,2,,,
,,,,,,35,,,2,,,
,,,,,,35,,,2,,,
,,,,,,36,,,2,,,
,,,,,,37,,,2,,,
,,,,,,38,,,2,,,
,,,,,,40,,,2,,,
,,,,,,42,,,2,,,
,,,,,,42,,,2,,,
,,,,,,42,,,2,,,
,,,,,,42,,,2,,,
,,,,,,43,,,2,,,
,,,,,,44,,,2,,,
,,,,,,45,,,2,,,
,,,,,,46,,,2,,,
,,,,,,48,,,2,,,
,,,,,,48,,,2,,,
,,,,,,49,,,2,,,
,,,,,,50,,,2,,,
,,,,,,51,,,2,,,
,,,,,,54,,,2,,,
,,,,,,55,,,2,,,
,,,,,,56,,,2,,,
,,,,,,56,,,2,,,
,,,,,,58,,,2,,,
,,,,,,59,,,2,,,
,,,,,,63,,,2,,,
,,,,,,63,,,2,,,
,,,,,,66,,,2,,,
,,,,,,69,,,2,,,
,,,,,,70,,,2,,,
,,,,,,71,,,2,,,
,,,,,,73,,,2,,,
,,,,,,77,,,2,,,
,,,,,,77,,,2,,,
,,,,,,78,,,2,,,
,,,,,,79,,,2,,,
,,,,,,79,,,2,,,
,,,,,,79,,,2,,,
,,,,,,84,,,2,,,
,,,,,,85,,,2,,,
,,,,,,86,,,2,,,
,,,,,,87,,,2,,,
,,,,,,90,,,2,,,
,,,,,,91,,,2,,,
,,,,,,93,,,2,,,
,,,,,,94,,,2,,,
,,,,,,96,,,2,,,
,,,,,,115,,,2,,,
,,,,,,153,,,2,,,
,,,,,,160,,,2,,,
,,,,,,174,,,2,,,
,,,,,,235,,,2,,,
,,,,,,256,,,2,,,
,,,,,,312,,,2,,,
,,,,,,471,,,2,,,
,,,,,,573,,,2,,,
,,,,,,659,,,2,,,
,,,,,,716,,,2,,,
,,,,,,1134,,,2,,,
,,,,,,1153,,,2,,,
,,,,,,,,,2,,,
,,,,,,,,,2,,,
,,,,,,,,,2,,,
,,,,,,,,,2,,,
,,,,,,,,,2,,,
,,,,,,,,,2,,,
,,,,,,,,,2,,,
,,,,,,,,,2,,,
,,,,,,,,,2,,,
,,,,,,,,,3,,,
,,,,,,,,,3,,,
,,,,,,,,,3,,,
,,,,,,,,,3,,,
,,,,,,,,,3,,,
,,,,,,,,,3,,,
,,,,,,,,,3,,,
,,,,,,,,,3,,,
,,,,,,,,,3,,,
,,,,,,,,,3,,,
,,,,,,,,,3,,,
,,,,,,,,,3,,,
,,,,,,,,,3,,,
,,,,,,,,,3,,,
,,,,,,,,,3,,,
,,,,,,,,,3,,,
,,,,,,,,,3,,,
,,,,,,,,,3,,,
,,,,,,,,,3,,,
,,,,,,,,,3,,,
,,,,,,,,,3,,,
,,,,,,,,,3,,,
,,,,,,,,,3,,,
,,,,,,,,,3,,,
,,,,,,,,,3,,,
,,,,,,,,,3,,,
,,,,,,,,,3,,,
,,,,,,,,,3,,,
,,,,,,,,,3,,,
,,,,,,,,,3,,,
,,,,,,,,,3,,,
,,,,,,,,,3,,,
,,,,,,,,,3,,,
,,,,,,,,,3,,,
,,,,,,,,,3,,,
,,,,,,,,,3,,,
,,,,,,,,,3,,,
,,,,,,,,,3,,,
,,,,,,,,,3,,,
,,,,,,,,,3,,,
,,,,,,,,,3,,,
,,,,,,,,,3,,,
,,,,,,,,,3,,,
,,,,,,,,,3,,,
,,,,,,,,,3,,,
,,,,,,,,,3,,,
,,,,,,,,,3,,,
,,,,,,,,,3,,,
,,,,,,,,,3,,,
,,,,,,,,,3,,,
,,,,,,,,,3,,,
,,,,,,,,,3,,,
,,,,,,,,,3,,,
,,,,,,,,,3,,,
,,,,,,,,,3,,,
,,,,,,,,,3,,,
,,,,,,,,,3,,,
,,,,,,,,,3,,,
,,,,,,,,,3,,,
,,,,,,,,,3,,,
,,,,,,,,,3,,,
,,,,,,,,,3,,,
,,,,,,,,,3,,,
,,,,,,,,,3,,,
,,,,,,,,,3,,,
,,,,,,,,,3,,,
,,,,,,,,,3,,,
,,,,,,,,,3,,,
,,,,,,,,,3,,,
,,,,,,,,,3,,,
,,,,,,,,,3,,,
,,,,,,,,,3,,,
,,,,,,,,,3,,,
,,,,,,,,,3,,,
,,,,,,,,,3,,,
,,,,,,,,,3,,,
,,,,,,,,,3,,,
,,,,,,,,,3,,,
,,,,,,,,,3,,,
,,,,,,,,,3,,,
,,,,,,,,,3,,,
,,,,,,,,,3,,,
,,,,,,,,,3,,,
,,,,,,,,,3,,,
,,,,,,,,,3,,,
,,,,,,,,,3,,,
,,,,,,,,,3,,,
,,,,,,,,,3,,,
,,,,,,,,,3,,,
,,,,,,,,,3,,,
,,,,,,,,,3,,,
,,,,,,,,,3,,,
,,,,,,,,,3,,,
,,,,,,,,,3,,,
,,,,,,,,,3,,,
,,,,,,,,,3,,,
,,,,,,,,,3,,,
,,,,,,,,,3,,,
,,,,,,,,,3,,,
,,,,,,,,,3,,,
,,,,,,,,,3,,,
,,,,,,,,,3,,,
,,,,,,,,,3,,,
,,,,,,,,,3,,,
,,,,,,,,,3,,,
,,,,,,,,,3,,,
,,,,,,,,,3,,,
,,,,,,,,,3,,,
,,,,,,,,,3,,,
,,,,,,,,,3,,,
,,,,,,,,,3,,,
,,,,,,,,,3,,,
,,,,,,,,,3,,,
,,,,,,,,,3,,,
,,,,,,,,,3,,,
,,,,,,,,,3,,,
,,,,,,,,,3,,,
,,,,,,,,,3,,,
,,,,,,,,,3,,,
,,,,,,,,,3,,,
,,,,,,,,,3,,,
,,,,,,,,,3,,,
,,,,,,,,,3,,,
,,,,,,,,,3,,,
,,,,,,,,,3,,,
,,,,,,,,,3,,,
,,,,,,,,,3,,,
,,,,,,,,,3,,,
,,,,,,,,,3,,,
,,,,,,,,,3,,,
,,,,,,,,,3,,,
,,,,,,,,,3,,,
,,,,,,,,,3,,,
,,,,,,,,,3,,,
,,,,,,,,,3,,,
,,,,,,,,,3,,,
,,,,,,,,,3,,,
,,,,,,,,,3,,,
,,,,,,,,,3,,,
,,,,,,,,,3,,,
,,,,,,,,,3,,,
,,,,,,,,,3,,,
,,,,,,,,,3,,,
,,,,,,,,,3,,,
,,,,,,,,,3,,,
,,,,,,,,,3,,,
,,,,,,,,,3,,,
,,,,,,,,,3,,,
,,,,,,,,,3,,,
,,,,,,,,,3,,,
,,,,,,,,,3,,,
,,,,,,,,,3,,,
,,,,,,,,,3,,,
,,,,,,,,,3,,,
,,,,,,,,,3,,,
,,,,,,,,,3,,,
,,,,,,,,,3,,,
,,,,,,,,,3,,,
,,,,,,,,,3,,,
,,,,,,,,,3,,,
,,,,,,,,,3,,,
,,,,,,,,,3,,,
,,,,,,,,,3,,,
,,,,,,,,,3,,,
,,,,,,,,,3,,,
,,,,,,,,,3,,,
,,,,,,,,,3,,,
,,,,,,,,,3,,,
,,,,,,,,,3,,,
,,,,,,,,,3,,,
,,,,,,,,,3,,,
,,,,,,,,,3,,,
,,,,,,,,,3,,,
,,,,,,,,,3,,,
,,,,,,,,,3,,,
,,,,,,,,,4,,,
,,,,,,,,,4,,,
,,,,,,,,,4,,,
,,,,,,,,,4,,,
,,,,,,,,,4,,,
,,,,,,,,,4,,,
,,,,,,,,,4,,,
,,,,,,,,,4,,,
,,,,,,,,,4,,,
,,,,,,,,,4,,,
,,,,,,,,,4,,,
,,,,,,,,,4,,,
,,,,,,,,,4,,,
,,,,,,,,,4,,,
,,,,,,,,,4,,,
,,,,,,,,,4,,,
,,,,,,,,,4,,,
,,,,,,,,,4,,,
,,,,,,,,,4,,,
,,,,,,,,,4,,,
,,,,,,,,,4,,,
,,,,,,,,,4,,,
,,,,,,,,,4,,,
,,,,,,,,,4,,,
,,,,,,,,,4,,,
,,,,,,,,,4,,,
,,,,,,,,,4,,,
,,,,,,,,,4,,,
,,,,,,,,,4,,,
,,,,,,,,,4,,,
,,,,,,,,,4,,,
,,,,,,,,,4,,,
,,,,,,,,,4,,,
,,,,,,,,,4,,,
,,,,,,,,,4,,,
,,,,,,,,,4,,,
,,,,,,,,,4,,,
,,,,,,,,,4,,,
,,,,,,,,,4,,,
,,,,,,,,,4,,,
,,,,,,,,,4,,,
,,,,,,,,,4,,,
,,,,,,,,,4,,,
,,,,,,,,,4,,,
,,,,,,,,,4,,,
,,,,,,,,,4,,,
,,,,,,,,,4,,,
,,,,,,,,,4,,,
,,,,,,,,,4,,,
,,,,,,,,,4,,,
,,,,,,,,,4,,,
,,,,,,,,,4,,,
,,,,,,,,,4,,,
,,,,,,,,,4,,,
,,,,,,,,,4,,,
,,,,,,,,,4,,,
,,,,,,,,,4,,,
,,,,,,,,,4,,,
,,,,,,,,,4,,,
,,,,,,,,,4,,,
,,,,,,,,,4,,,
,,,,,,,,,4,,,
,,,,,,,,,4,,,
,,,,,,,,,4,,,
,,,,,,,,,4,,,
,,,,,,,,,4,,,
,,,,,,,,,4,,,
,,,,,,,,,4,,,
,,,,,,,,,4,,,
,,,,,,,,,4,,,
,,,,,,,,,4,,,
,,,,,,,,,4,,,
,,,,,,,,,4,,,
,,,,,,,,,4,,,
,,,,,,,,,4,,,
,,,,,,,,,4,,,
,,,,,,,,,4,,,
,,,,,,,,,4,,,
,,,,,,,,,4,,,
,,,,,,,,,4,,,
,,,,,,,,,4,,,
,,,,,,,,,4,,,
,,,,,,,,,4,,,
,,,,,,,,,4,,,
,,,,,,,,,4,,,
,,,,,,,,,4,,,
,,,,,,,,,4,,,
,,,,,,,,,4,,,
,,,,,,,,,4,,,
,,,,,,,,,4,,,
,,,,,,,,,4,,,
,,,,,,,,,4,,,
,,,,,,,,,4,,,
,,,,,,,,,4,,,
,,,,,,,,,4,,,
,,,,,,,,,4,,,
,,,,,,,,,4,,,
,,,,,,,,,4,,,
,,,,,,,,,4,,,
,,,,,,,,,4,,,
,,,,,,,,,4,,,
,,,,,,,,,4,,,
,,,,,,,,,4,,,
,,,,,,,,,4,,,
,,,,,,,,,4,,,
,,,,,,,,,4,,,
,,,,,,,,,4,,,
,,,,,,,,,4,,,
,,,,,,,,,4,,,
,,,,,,,,,4,,,
,,,,,,,,,4,,,
,,,,,,,,,4,,,
,,,,,,,,,4,,,
,,,,,,,,,4,,,
,,,,,,,,,4,,,
,,,,,,,,,4,,,
,,,,,,,,,4,,,
,,,,,,,,,4,,,
,,,,,,,,,4,,,
,,,,,,,,,4,,,
,,,,,,,,,4,,,
,,,,,,,,,4,,,
,,,,,,,,,4,,,
,,,,,,,,,4,,,
,,,,,,,,,4,,,
,,,,,,,,,4,,,
,,,,,,,,,4,,,
,,,,,,,,,4,,,
,,,,,,,,,4,,,
,,,,,,,,,4,,,
,,,,,,,,,4,,,
,,,,,,,,,4,,,
,,,,,,,,,4,,,
,,,,,,,,,4,,,
,,,,,,,,,4,,,
,,,,,,,,,4,,,
,,,,,,,,,4,,,
,,,,,,,,,4,,,
,,,,,,,,,4,,,
,,,,,,,,,4,,,
,,,,,,,,,5,,,
,,,,,,,,,5,,,
,,,,,,,,,5,,,
,,,,,,,,,5,,,
,,,,,,,,,5,,,
,,,,,,,,,5,,,
,,,,,,,,,5,,,
,,,,,,,,,5,,,
,,,,,,,,,5,,,
,,,,,,,,,5,,,
,,,,,,,,,5,,,
,,,,,,,,,5,,,
,,,,,,,,,5,,,
,,,,,,,,,5,,,
,,,,,,,,,5,,,
,,,,,,,,,5,,,
,,,,,,,,,5,,,
,,,,,,,,,5,,,
,,,,,,,,,5,,,
,,,,,,,,,5,,,
,,,,,,,,,5,,,
,,,,,,,,,5,,,
,,,,,,,,,5,,,
,,,,,,,,,5,,,
,,,,,,,,,5,,,
,,,,,,,,,5,,,
,,,,,,,,,5,,,
,,,,,,,,,5,,,
,,,,,,,,,5,,,
,,,,,,,,,5,,,
,,,,,,,,,5,,,
,,,,,,,,,5,,,
,,,,,,,,,5,,,
,,,,,,,,,5,,,
,,,,,,,,,5,,,
,,,,,,,,,5,,,
,,,,,,,,,5,,,
,,,,,,,,,5,,,
,,,,,,,,,5,,,
,,,,,,,,,5,,,
,,,,,,,,,5,,,
,,,,,,,,,5,,,
,,,,,,,,,5,,,
,,,,,,,,,5,,,
,,,,,,,,,5,,,
,,,,,,,,,5,,,
,,,,,,,,,5,,,
,,,,,,,,,5,,,
,,,,,,,,,5,,,
,,,,,,,,,5,,,
,,,,,,,,,5,,,
,,,,,,,,,5,,,
,,,,,,,,,5,,,
,,,,,,,,,5,,,
,,,,,,,,,5,,,
,,,,,,,,,5,,,
,,,,,,,,,5,,,
,,,,,,,,,5,,,
,,,,,,,,,5,,,
,,,,,,,,,5,,,
,,,,,,,,,5,,,
,,,,,,,,,5,,,
,,,,,,,,,5,,,
,,,,,,,,,5,,,
,,,,,,,,,5,,,
,,,,,,,,,5,,,
,,,,,,,,,5,,,
,,,,,,,,,5,,,
,,,,,,,,,5,,,
,,,,,,,,,5,,,
,,,,,,,,,5,,,
,,,,,,,,,5,,,
,,,,,,,,,5,,,
,,,,,,,,,5,,,
,,,,,,,,,5,,,
,,,,,,,,,5,,,
,,,,,,,,,5,,,
,,,,,,,,,5,,,
,,,,,,,,,5,,,
,,,,,,,,,5,,,
,,,,,,,,,5,,,
,,,,,,,,,5,,,
,,,,,,,,,5,,,
,,,,,,,,,5,,,
,,,,,,,,,5,,,
,,,,,,,,,6,,,
,,,,,,,,,6,,,
,,,,,,,,,6,,,
,,,,,,,,,6,,,
,,,,,,,,,6,,,
,,,,,,,,,6,,,
,,,,,,,,,6,,,
,,,,,,,,,6,,,
,,,,,,,,,6,,,
,,,,,,,,,6,,,
,,,,,,,,,6,,,
,,,,,,,,,6,,,
,,,,,,,,,6,,,
,,,,,,,,,6,,,
,,,,,,,,,6,,,
,,,,,,,,,6,,,
,,,,,,,,,6,,,
,,,,,,,,,6,,,
,,,,,,,,,6,,,
,,,,,,,,,6,,,
,,,,,,,,,6,,,
,,,,,,,,,6,,,
,,,,,,,,,6,,,
,,,,,,,,,6,,,
,,,,,,,,,6,,,
,,,,,,,,,6,,,
,,,,,,,,,6,,,
,,,,,,,,,6,,,
,,,,,,,,,6,,,
,,,,,,,,,6,,,
,,,,,,,,,6,,,
,,,,,,,,,6,,,
,,,,,,,,,6,,,
,,,,,,,,,6,,,
,,,,,,,,,6,,,
,,,,,,,,,6,,,
,,,,,,,,,6,,,
,,,,,,,,,6,,,
,,,,,,,,,6,,,
,,,,,,,,,6,,,
,,,,,,,,,6,,,
,,,,,,,,,6,,,
,,,,,,,,,6,,,
,,,,,,,,,6,,,
,,,,,,,,,6,,,
,,,,,,,,,6,,,
,,,,,,,,,6,,,
,,,,,,,,,6,,,
,,,,,,,,,6,,,
,,,,,,,,,6,,,
,,,,,,,,,6,,,
,,,,,,,,,6,,,
,,,,,,,,,6,,,
,,,,,,,,,7,,,
,,,,,,,,,7,,,
,,,,,,,,,7,,,
,,,,,,,,,7,,,
,,,,,,,,,7,,,
,,,,,,,,,7,,,
,,,,,,,,,7,,,
,,,,,,,,,7,,,
,,,,,,,,,7,,,
,,,,,,,,,7,,,
,,,,,,,,,7,,,
,,,,,,,,,7,,,
,,,,,,,,,7,,,
,,,,,,,,,7,,,
,,,,,,,,,7,,,
,,,,,,,,,7,,,
,,,,,,,,,7,,,
,,,,,,,,,7,,,
,,,,,,,,,7,,,
,,,,,,,,,7,,,
,,,,,,,,,7,,,
,,,,,,,,,7,,,
,,,,,,,,,7,,,
,,,,,,,,,7,,,
,,,,,,,,,7,,,
,,,,,,,,,7,,,
,,,,,,,,,7,,,
,,,,,,,,,7,,,
,,,,,,,,,7,,,
,,,,,,,,,7,,,
,,,,,,,,,7,,,
,,,,,,,,,7,,,
,,,,,,,,,7,,,
,,,,,,,,,7,,,
,,,,,,,,,7,,,
,,,,,,,,,7,,,
,,,,,,,,,8,,,
,,,,,,,,,8,,,
,,,,,,,,,8,,,
,,,,,,,,,8,,,
,,,,,,,,,8,,,
,,,,,,,,,8,,,
,,,,,,,,,8,,,
,,,,,,,,,8,,,
,,,,,,,,,8,,,
,,,,,,,,,8,,,
,,,,,,,,,8,,,
,,,,,,,,,8,,,
,,,,,,,,,8,,,
,,,,,,,,,8,,,
,,,,,,,,,8,,,
,,,,,,,,,8,,,
,,,,,,,,,8,,,
,,,,,,,,,8,,,
,,,,,,,,,8,,,
,,,,,,,,,8,,,
,,,,,,,,,8,,,
,,,,,,,,,8,,,
,,,,,,,,,8,,,
,,,,,,,,,8,,,
,,,,,,,,,8,,,
,,,,,,,,,8,,,
,,,,,,,,,8,,,
,,,,,,,,,8,,,
,,,,,,,,,8,,,
,,,,,,,,,8,,,
,,,,,,,,,8,,,
,,,,,,,,,8,,,
,,,,,,,,,8,,,
,,,,,,,,,8,,,
,,,,,,,,,9,,,
,,,,,,,,,9,,,
,,,,,,,,,9,,,
,,,,,,,,,9,,,
,,,,,,,,,9,,,
,,,,,,,,,9,,,
,,,,,,,,,9,,,
,,,,,,,,,9,,,
,,,,,,,,,9,,,
,,,,,,,,,9,,,
,,,,,,,,,9,,,
,,,,,,,,,9,,,
,,,,,,,,,9,,,
,,,,,,,,,9,,,
,,,,,,,,,9,,,
,,,,,,,,,9,,,
,,,,,,,,,9,,,
,,,,,,,,,9,,,
,,,,,,,,,9,,,
,,,,,,,,,9,,,
,,,,,,,,,9,,,
,,,,,,,,,9,,,
,,,,,,,,,9,,,
,,,,,,,,,9,,,
,,,,,,,,,9,,,
,,,,,,,,,9,,,
,,,,,,,,,9,,,
,,,,,,,,,9,,,
,,,,,,,,,9,,,
,,,,,,,,,9,,,
,,,,,,,,,10,,,
,,,,,,,,,10,,,
,,,,,,,,,10,,,
,,,,,,,,,10,,,
,,,,,,,,,10,,,
,,,,,,,,,10,,,
,,,,,,,,,10,,,
,,,,,,,,,10,,,
,,,,,,,,,10,,,
,,,,,,,,,10,,,
,,,,,,,,,10,,,
,,,,,,,,,10,,,
,,,,,,,,,10,,,
,,,,,,,,,10,,,
,,,,,,,,,10,,,
,,,,,,,,,10,,,
,,,,,,,,,10,,,
,,,,,,,,,10,,,
,,,,,,,,,10,,,
,,,,,,,,,10,,,
,,,,,,,,,10,,,
,,,,,,,,,10,,,
,,,,,,,,,10,,,
,,,,,,,,,11,,,
,,,,,,,,,11,,,
,,,,,,,,,11,,,
,,,,,,,,,11,,,
,,,,,,,,,11,,,
,,,,,,,,,11,,,
,,,,,,,,,11,,,
,,,,,,,,,11,,,
,,,,,,,,,11,,,
,,,,,,,,,11,,,
,,,,,,,,,11,,,
,,,,,,,,,12,,,
,,,,,,,,,12,,,
,,,,,,,,,12,,,
,,,,,,,,,12,,,
,,,,,,,,,12,,,
,,,,,,,,,12,,,
,,,,,,,,,12,,,
,,,,,,,,,13,,,
,,,,,,,,,13,,,
,,,,,,,,,13,,,
,,,,,,,,,13,,,
,,,,,,,,,13,,,
,,,,,,,,,13,,,
,,,,,,,,,13,,,
,,,,,,,,,13,,,
,,,,,,,,,13,,,
,,,,,,,,,13,,,
,,,,,,,,,13,,,
,,,,,,,,,14,,,
,,,,,,,,,14,,,
,,,,,,,,,14,,,
,,,,,,,,,14,,,
,,,,,,,,,14,,,
,,,,,,,,,14,,,
,,,,,,,,,14,,,
,,,,,,,,,15,,,
,,,,,,,,,15,,,
,,,,,,,,,15,,,
,,,,,,,,,15,,,
,,,,,,,,,15,,,
,,,,,,,,,15,,,
,,,,,,,,,15,,,
,,,,,,,,,15,,,
,,,,,,,,,16,,,
,,,,,,,,,16,,,
,,,,,,,,,16,,,
,,,,,,,,,16,,,
,,,,,,,,,16,,,
,,,,,,,,,16,,,
,,,,,,,,,16,,,
,,,,,,,,,16,,,
,,,,,,,,,16,,,
,,,,,,,,,16,,,
,,,,,,,,,17,,,
,,,,,,,,,17,,,
,,,,,,,,,17,,,
,,,,,,,,,17,,,
,,,,,,,,,17,,,
,,,,,,,,,18,,,
,,,,,,,,,18,,,
,,,,,,,,,18,,,
,,,,,,,,,18,,,
,,,,,,,,,18,,,
,,,,,,,,,18,,,
,,,,,,,,,18,,,
,,,,,,,,,19,,,
,,,,,,,,,19,,,
,,,,,,,,,19,,,
,,,,,,,,,19,,,
,,,,,,,,,20,,,
,,,,,,,,,20,,,
,,,,,,,,,20,,,
,,,,,,,,,20,,,
,,,,,,,,,20,,,
,,,,,,,,,20,,,
,,,,,,,,,21,,,
,,,,,,,,,21,,,
,,,,,,,,,21,,,
,,,,,,,,,21,,,
,,,,,,,,,21,,,
,,,,,,,,,21,,,
,,,,,,,,,21,,,
,,,,,,,,,22,,,
,,,,,,,,,23,,,
,,,,,,,,,23,,,
,,,,,,,,,23,,,
,,,,,,,,,23,,,
,,,,,,,,,23,,,
,,,,,,,,,23,,,
,,,,,,,,,24,,,
,,,,,,,,,24,,,
,,,,,,,,,24,,,
,,,,,,,,,24,,,
,,,,,,,,,24,,,
,,,,,,,,,24,,,
,,,,,,,,,25,,,
,,,,,,,,,25,,,
,,,,,,,,,25,,,
,,,,,,,,,25,,,
,,,,,,,,,26,,,
,,,,,,,,,26,,,
,,,,,,,,,26,,,
,,,,,,,,,26,,,
,,,,,,,,,27,,,
,,,,,,,,,27,,,
,,,,,,,,,28,,,
,,,,,,,,,29,,,
,,,,,,,,,29,,,
,,,,,,,,,29,,,
,,,,,,,,,30,,,
,,,,,,,,,30,,,
,,,,,,,,,31,,,
,,,,,,,,,31,,,
,,,,,,,,,31,,,
,,,,,,,,,32,,,
,,,,,,,,,32,,,
,,,,,,,,,34,,,
,,,,,,,,,34,,,
,,,,,,,,,34,,,
,,,,,,,,,34,,,
,,,,,,,,,34,,,
,,,,,,,,,35,,,
,,,,,,,,,35,,,
,,,,,,,,,36,,,
,,,,,,,,,36,,,
,,,,,,,,,38,,,
,,,,,,,,,39,,,
,,,,,,,,,39,,,
,,,,,,,,,39,,,
,,,,,,,,,39,,,
,,,,,,,,,39,,,
,,,,,,,,,42,,,
,,,,,,,,,42,,,
,,,,,,,,,43,,,
,,,,,,,,,44,,,
,,,,,,,,,45,,,
,,,,,,,,,45,,,
,,,,,,,,,47,,,
,,,,,,,,,48,,,
,,,,,,,,,48,,,
,,,,,,,,,49,,,
,,,,,,,,,50,,,
,,,,,,,,,51,,,
,,,,,,,,,52,,,
,,,,,,,,,53,,,
,,,,,,,,,54,,,
,,,,,,,,,55,,,
,,,,,,,,,56,,,
,,,,,,,,,57,,,
,,,,,,,,,58,,,
,,,,,,,,,59,,,
,,,,,,,,,62,,,
,,,,,,,,,62,,,
,,,,,,,,,63,,,
,,,,,,,,,63,,,
,,,,,,,,,67,,,
,,,,,,,,,67,,,
,,,,,,,,,68,,,
,,,,,,,,,72,,,
,,,,,,,,,75,,,
,,,,,,,,,76,,,
,,,,,,,,,77,,,
,,,,,,,,,77,,,
,,,,,,,,,78,,,
,,,,,,,,,81,,,
,,,,,,,,,81,,,
,,,,,,,,,82,,,
,,,,,,,,,85,,,
,,,,,,,,,87,,,
,,,,,,,,,87,,,
,,,,,,,,,93,,,
,,,,,,,,,97,,,
,,,,,,,,,107,,,
,,,,,,,,,108,,,
,,,,,,,,,109,,,
,,,,,,,,,115,,,
,,,,,,,,,117,,,
,,,,,,,,,122,,,
,,,,,,,,,125,,,
,,,,,,,,,129,,,
,,,,,,,,,132,,,
,,,,,,,,,138,,,
,,,,,,,,,143,,,
,,,,,,,,,145,,,
,,,,,,,,,158,,,
,,,,,,,,,170,,,
,,,,,,,,,175,,,
,,,,,,,,,219,,,
,,,,,,,,,252,,,
,,,,,,,,,267,,,
,,,,,,,,,275,,,
,,,,,,,,,292,,,
,,,,,,,,,359,,,
,,,,,,,,,473,,,
,,,,,,,,,839,,,
,,,,,,,,,895,,,
